fold,barn,free_range,furnished_cage
1,84.50704225352112,99.13419913419914,95.23809523809523
2,91.52542372881356,99.23076923076923,95.55555555555556
3,90.0,96.6789667896679,90.56603773584906
4,95.83333333333334,98.09885931558935,90.56603773584906
5,90.0,95.73643410852713,95.65217391304348
