fold,barn,free_range,furnished_cage
1,84.90566037735849,100.0,89.28571428571429
2,90.38461538461539,97.70992366412213,87.5
3,98.0392156862745,99.21875,100.0
4,86.79245283018868,98.77551020408163,98.21428571428571
5,83.05084745762711,98.39357429718876,95.65217391304348
